rank,raw_score,normalized_score,robust_normalized_score,matched,posthoc_class,match_distance_vox
1,419040.78,1.0,43.75153,False,unmatched,
2,12311.836,0.029380998,1.2854636,True,2df7,4.1933083533155635
3,9839.872,0.023481896,1.0273689,True,2df7,2.647637690933511
4,9068.897,0.02164204,0.94687235,True,2df7,3.1854973472156707
5,8968.336,0.02140206,0.9363729,True,2df7,2.380313682629219
6,8569.337,0.020449888,0.8947139,True,2df7,3.499840887586385
7,8525.218,0.020344602,0.89010745,True,2df7,3.1021091919712545
8,8166.12,0.01948765,0.85261446,True,2df7,6.371679386499582
9,7821.0264,0.018664118,0.8165837,True,2df7,5.149334624303929
10,7797.1514,0.018607141,0.8140909,True,2df7,5.182389379032896
11,7503.758,0.017906986,0.78345805,True,2df7,2.629217666028648
12,7297.167,0.017413978,0.76188815,True,2df7,5.139538694820437
13,6370.426,0.0152024,0.6651283,True,2df7,7.635044496342285
14,5212.1094,0.012438191,0.5441899,True,1jz8,3.172493900726561
15,5142.1934,0.012271344,0.53689003,True,1jz8,2.4965419293360567
16,3585.5325,0.008556524,0.374361,True,1oao,3.260880885099002
17,2780.044,0.006634304,0.29026094,False,unmatched,
18,2482.6738,0.0059246593,0.2592129,True,1fpy,2.9985488773393256
19,2477.159,0.0059114983,0.2586371,True,1e9r,1.7563296442929952
20,2362.0598,0.0056368257,0.24661975,False,unmatched,
21,2325.854,0.005550424,0.24283953,False,unmatched,
22,2204.2683,0.0052602715,0.23014492,False,unmatched,
23,2075.2986,0.004952498,0.21667935,False,unmatched,
24,2025.071,0.0048326347,0.21143515,True,1fpy,2.7419203158400736
25,1891.8384,0.004514688,0.1975245,False,unmatched,
26,1769.6997,0.004223216,0.18477215,False,unmatched,
27,1482.0925,0.0035368695,0.15474345,True,1fzg,8.991445447966885
28,1450.5837,0.0034616769,0.15145366,True,1e9r,8.124931855333113
29,1371.4355,0.0032727972,0.14318989,True,1oao,4.533790368385152
30,1240.9487,0.0029614032,0.12956592,False,unmatched,
31,1230.0383,0.0029353667,0.12842678,True,1avo,2.57068415911613
32,1159.7385,0.002767603,0.121086866,False,unmatched,
33,1128.9988,0.0026942457,0.117877364,True,1fzg,3.661671624687633
34,1087.6692,0.0025956165,0.1135622,True,1oao,3.5058448404252536
35,1079.6704,0.0025765283,0.11272705,True,1fzg,4.199662512676687
36,1074.5579,0.0025643276,0.11219326,False,unmatched,
37,1033.1726,0.0024655657,0.10787227,True,1oao,7.785627795091659
38,1020.4065,0.0024351007,0.106539376,False,unmatched,
39,984.34937,0.002349054,0.1027747,True,1fzg,3.740770291871035
40,954.22095,0.0022771554,0.09962903,False,unmatched,
41,944.19214,0.0022532225,0.09858193,True,1avo,2.544517333859316
42,943.6653,0.0022519652,0.098526925,True,1oao,5.976051241547795
43,938.4651,0.0022395556,0.09798398,True,1fzg,7.528335919554721
44,936.55725,0.0022350026,0.09778478,True,1avo,2.773872820287313
45,902.5128,0.002153759,0.09423025,False,unmatched,
46,891.07605,0.0021264663,0.093036145,True,1e9r,8.591452210157799
47,838.0029,0.0019998124,0.08749485,True,1fpy,8.256536819153297
48,832.8439,0.0019875008,0.086956196,False,unmatched,
49,830.30164,0.001981434,0.08669077,True,1avo,2.4053744692759293
50,822.17944,0.001962051,0.085842736,True,1oao,5.52985677072981
51,791.0692,0.0018878096,0.08259456,True,1fzg,6.887531153740773
52,790.45215,0.0018863371,0.08253013,False,unmatched,
53,752.9398,0.0017968175,0.07861351,False,unmatched,
54,728.8447,0.001739317,0.07609778,False,unmatched,
55,707.7615,0.0016890038,0.0738965,False,unmatched,
56,691.3563,0.0016498545,0.07218366,False,unmatched,
57,674.0277,0.0016085014,0.0703744,False,unmatched,
58,654.8141,0.00156265,0.06836833,False,unmatched,
59,651.7379,0.001555309,0.06804715,False,unmatched,
60,638.26904,0.0015231669,0.06664088,True,1jz8,9.489106920138893
61,636.0581,0.0015178907,0.06641004,False,unmatched,
62,626.235,0.0014944487,0.06538442,False,unmatched,
63,608.43567,0.0014519724,0.06352601,False,unmatched,
64,571.6028,0.0013640743,0.05968034,False,unmatched,
65,553.2777,0.0013203433,0.05776704,False,unmatched,
66,548.0405,0.0013078453,0.05722023,True,1avo,4.3464545273725514
67,510.90015,0.0012192135,0.05334245,False,unmatched,
68,482.8119,0.0011521835,0.05040979,False,unmatched,
69,478.13757,0.0011410287,0.04992175,False,unmatched,
70,477.31433,0.0011390642,0.049835797,False,unmatched,
71,454.83923,0.0010854296,0.0474892,False,unmatched,
72,445.09436,0.0010621743,0.046471752,False,unmatched,
73,429.1599,0.0010241483,0.044808056,False,unmatched,
74,427.75488,0.0010207953,0.044661358,False,unmatched,
75,425.9287,0.0010164374,0.04447069,False,unmatched,
76,425.37366,0.0010151127,0.044412736,False,unmatched,
77,410.2865,0.0009791087,0.042837504,False,unmatched,
78,394.37463,0.0009411366,0.041176166,False,unmatched,
79,381.4131,0.0009102052,0.03982287,False,unmatched,
80,370.18604,0.0008834129,0.038650665,False,unmatched,
81,358.50342,0.00085553346,0.037430897,False,unmatched,
82,354.80737,0.00084671326,0.037045,False,unmatched,
83,354.08386,0.00084498664,0.036969457,False,unmatched,
84,331.60034,0.0007913319,0.03462198,False,unmatched,
85,323.90308,0.00077296316,0.03381832,False,unmatched,
86,292.5973,0.0006982549,0.03054972,False,unmatched,
87,284.52466,0.0006789904,0.029706867,False,unmatched,
88,282.31567,0.00067371887,0.02947623,False,unmatched,
89,275.0509,0.0006563822,0.028717725,False,unmatched,
90,270.36694,0.0006452044,0.028228678,False,unmatched,
91,259.2859,0.00061876053,0.027071718,False,unmatched,
92,254.23438,0.00060670555,0.026544297,False,unmatched,
93,249.26416,0.00059484463,0.026025362,False,unmatched,
94,248.078,0.000592014,0.025901517,False,unmatched,
95,247.9646,0.0005917434,0.025889676,True,1fzg,8.635393809492038
96,230.7428,0.0005506452,0.02409157,False,unmatched,
97,229.6239,0.00054797507,0.023974746,False,unmatched,
98,225.91992,0.0005391359,0.023588018,False,unmatched,
99,210.24475,0.0005017286,0.021951394,False,unmatched,
100,202.14319,0.00048239503,0.02110552,False,unmatched,
101,198.99487,0.00047488188,0.020776808,False,unmatched,
102,193.3706,0.00046146012,0.020189585,False,unmatched,
103,192.50085,0.00045938452,0.020098776,False,unmatched,
104,175.10413,0.00041786893,0.018282404,False,unmatched,
105,172.94604,0.0004127189,0.018057082,False,unmatched,
106,170.18115,0.00040612073,0.017768404,False,unmatched,
107,169.2627,0.00040392892,0.017672509,False,unmatched,
108,145.42651,0.0003470462,0.015183803,False,unmatched,
109,135.56702,0.00032351748,0.014154384,False,unmatched,
110,129.98853,0.00031020495,0.013571941,False,unmatched,
111,128.55444,0.00030678266,0.013422211,False,unmatched,
112,125.98279,0.00030064565,0.013153707,False,unmatched,
113,122.570435,0.0002925024,0.012797427,False,unmatched,
114,111.52283,0.00026613835,0.01164396,False,unmatched,
115,104.98779,0.00025054315,0.010961645,False,unmatched,
116,100.99255,0.0002410089,0.010544508,False,unmatched,
117,98.02405,0.00023392485,0.010234569,False,unmatched,
118,95.48572,0.00022786736,0.0099695455,False,unmatched,
119,93.81677,0.00022388459,0.009795293,False,unmatched,
120,90.833984,0.00021676645,0.009483864,False,unmatched,
121,83.92261,0.00020027312,0.008762255,False,unmatched,
122,80.73462,0.0001926653,0.008429402,False,unmatched,
123,76.085205,0.00018156994,0.007943962,False,unmatched,
124,75.20032,0.00017945823,0.007851572,False,unmatched,
125,75.08435,0.00017918149,0.007839464,False,unmatched,
126,74.753296,0.00017839146,0.007804899,False,unmatched,
127,59.14795,0.00014115081,0.006175564,False,unmatched,
128,56.78369,0.00013550874,0.0059287148,False,unmatched,
129,53.625,0.00012797084,0.00559892,False,unmatched,
130,47.285156,0.000112841415,0.0049369847,False,unmatched,
131,38.22937,9.1230664e-05,0.0039914814,False,unmatched,
132,32.563354,7.770927e-05,0.0033998995,False,unmatched,
133,32.43799,7.74101e-05,0.0033868102,False,unmatched,
134,24.054932,5.740475e-05,0.0025115456,False,unmatched,
135,19.846802,4.736246e-05,0.00207218,False,unmatched,
136,8.169067,1.9494684e-05,0.0008529222,False,unmatched,
137,-2.2797852,-5.440485e-06,-0.00023802955,False,unmatched,
138,-17.875854,-4.2658987e-05,-0.0018663958,False,unmatched,
139,-22.85083,-5.453128e-05,-0.0023858268,False,unmatched,
140,-24.842896,-5.928515e-05,-0.002593816,False,unmatched,
141,-26.173096,-6.245954e-05,-0.0027327004,False,unmatched,
142,-31.607056,-7.542716e-05,-0.0033000535,False,unmatched,
143,-38.920776,-9.288064e-05,-0.00406367,False,unmatched,
144,-40.4104,-9.6435484e-05,-0.0042192,False,unmatched,
145,-44.1084,-0.0001052604,-0.004605303,False,unmatched,
146,-50.90222,-0.0001214732,-0.005314638,False,unmatched,
147,-60.803223,-0.00014510097,-0.006348389,False,unmatched,
148,-62.029663,-0.00014802774,-0.0064764405,False,unmatched,
149,-72.118286,-0.00017210326,-0.007529781,False,unmatched,
150,-82.54712,-0.00019699066,-0.008618643,False,unmatched,
151,-85.41394,-0.00020383205,-0.008917964,False,unmatched,
152,-88.99756,-0.00021238401,-0.009292125,False,unmatched,
153,-91.92572,-0.00021937178,-0.009597851,False,unmatched,
154,-98.63757,-0.00023538896,-0.0102986265,False,unmatched,
155,-114.59088,-0.00027345997,-0.011964292,False,unmatched,
156,-117.073975,-0.00027938563,-0.012223549,False,unmatched,
157,-130.02515,-0.00031029235,-0.013575764,False,unmatched,
158,-138.61542,-0.0003307922,-0.014472664,False,unmatched,
159,-140.36133,-0.00033495863,-0.014654952,False,unmatched,
160,-142.92139,-0.00034106796,-0.014922245,False,unmatched,
161,-189.59338,-0.00045244614,-0.019795211,False,unmatched,
162,-226.03717,-0.0005394157,-0.023600262,False,unmatched,
163,-236.30524,-0.0005639194,-0.024672337,False,unmatched,
164,-295.92932,-0.0007062065,-0.030897614,False,unmatched,
165,-318.90405,-0.00076103344,-0.033296376,False,unmatched,
166,-334.9275,-0.0007992718,-0.034969363,False,unmatched,
167,-373.01178,-0.00089015625,-0.038945697,False,unmatched,
